{
  "bindings": {
    "/actions/buggy": {
      "chords": [],
      "poses": [],
      "haptics": [],
      "sources": [],
      "skeleton": []
    },
    "/actions/default": {
      "chords": [],
      "poses": [
        {
          "output": "/actions/default/in/pose",
          "path": "/user/hand/left/pose/raw"
        },
        {
          "output": "/actions/default/in/pose",
          "path": "/user/hand/right/pose/raw"
        }
      ],
      "haptics": [
        {
          "output": "/actions/default/out/haptic",
          "path": "/user/hand/left/output/haptic"
        },
        {
          "output": "/actions/default/out/haptic",
          "path": "/user/hand/right/output/haptic"
        }
      ],
      "sources": [],
      "skeleton": [
        {
          "output": "/actions/default/in/skeletonlefthand",
          "path": "/user/hand/left/input/skeleton/left"
        },
        {
          "output": "/actions/default/in/skeletonrighthand",
          "path": "/user/hand/right/input/skeleton/right"
        }
      ]
    },
    "/actions/platformer": {
      "chords": [],
      "poses": [],
      "haptics": [],
      "sources": [],
      "skeleton": []
    }
  },
  "controller_type": "vive_cosmos_controller",
  "description": "",
  "name": "vive_cosmos_controller"
}