{
  "actions": [
    {
      "name": "/actions/default/in/Grab",
      "type": "boolean"
    },
    {
      "name": "/actions/default/in/Pose",
      "type": "pose"
    },
    {
      "name": "/actions/default/in/SkeletonLeftHand",
      "type": "skeleton",
      "skeleton": "/skeleton/hand/left"
    },
    {
      "name": "/actions/default/in/SkeletonRightHand",
      "type": "skeleton",
      "skeleton": "/skeleton/hand/right"
    },
    {
      "name": "/actions/default/in/HeadsetOnHead",
      "type": "boolean",
      "requirement": "optional"
    },
    {
      "name": "/actions/default/in/PlayOrPause",
      "type": "boolean"
    },
    {
      "name": "/actions/default/in/SkipBack",
      "type": "boolean"
    },
    {
      "name": "/actions/default/in/SkipForward",
      "type": "boolean"
    },
    {
      "name": "/actions/default/in/ToStart",
      "type": "boolean"
    },
    {
      "name": "/actions/default/in/ClickLaser",
      "type": "boolean"
    },
    {
      "name": "/actions/default/in/SpeedUp",
      "type": "boolean"
    },
    {
      "name": "/actions/default/in/SpeedDown",
      "type": "boolean"
    },
    {
      "name": "/actions/default/in/ResetCell",
      "type": "boolean"
    },
    {
      "name": "/actions/default/in/SwapLaserColour",
      "type": "boolean"
    },
    {
      "name": "/actions/default/in/SwapColourMode",
      "type": "boolean"
    },
    {
      "name": "/actions/default/in/ChangePointerSize",
      "type": "vector2"
    },
    {
      "name": "/actions/default/out/Haptic",
      "type": "vibration"
    }
  ],
  "action_sets": [
    {
      "name": "/actions/default",
      "usage": "leftright"
    }
  ],
  "default_bindings": [
    {
      "controller_type": "vive_controller",
      "binding_url": "bindings_vive_controller.json"
    },
    {
      "controller_type": "oculus_touch",
      "binding_url": "bindings_oculus_touch.json"
    },
    {
      "controller_type": "knuckles",
      "binding_url": "bindings_knuckles.json"
    },
    {
      "controller_type": "holographic_controller",
      "binding_url": "bindings_holographic_controller.json"
    },
    {
      "controller_type": "vive_cosmos_controller",
      "binding_url": "bindings_vive_cosmos_controller.json"
    },
    {
      "controller_type": "logitech_stylus",
      "binding_url": "bindings_logitech_stylus.json"
    },
    {
      "controller_type": "vive_cosmos",
      "binding_url": "binding_vive_cosmos.json"
    },
    {
      "controller_type": "vive",
      "binding_url": "binding_vive.json"
    },
    {
      "controller_type": "indexhmd",
      "binding_url": "binding_index_hmd.json"
    },
    {
      "controller_type": "vive_pro",
      "binding_url": "binding_vive_pro.json"
    },
    {
      "controller_type": "rift",
      "binding_url": "binding_rift.json"
    },
    {
      "controller_type": "holographic_hmd",
      "binding_url": "binding_holographic_hmd.json"
    },
    {
      "controller_type": "vive_tracker_camera",
      "binding_url": "binding_vive_tracker_camera.json"
    }
  ],
  "localization": [
    {
      "language_tag": "en_US",
      "/actions/default/in/HeadsetOnHead": "Headset on head (proximity sensor)",
      "/actions/default/in/Pose": "Pose",
      "/actions/default/in/SkeletonLeftHand": "Skeleton (Left)",
      "/actions/default/in/SkeletonRightHand": "Skeleton (Right)",
      "/actions/default/out/Haptic": "Haptic",
      "/actions/default/in/Grab": "Grab"
    }
  ]
}